<?xml version="1.0" encoding="UTF-8"?>
<!--

  ADOBE CONFIDENTIAL
  __________________

   Copyright 2011 Adobe Systems Incorporated
   All Rights Reserved.

  NOTICE:  All information contained herein is, and remains
  the property of Adobe Systems Incorporated and its suppliers,
  if any.  The intellectual and technical concepts contained
  herein are proprietary to Adobe Systems Incorporated and its
  suppliers and are protected by trade secret or copyright law.
  Dissemination of this information or reproduction of this material
  is strictly forbidden unless prior written permission is obtained
  from Adobe Systems Incorporated.

  -->

<!--
    Defines which repository items are generally included
-->
<workspaceFilter vesion="1.0">
    <!--
    <filter root="/apps/geometrixx">
        <exclude pattern="^.*/form.*$" />
    </filter>
    <filter root="/content/geometrixx" />
    -->
    <filter root="/apps/task_servlets1">
       <!--  <exclude pattern="/jcr:system" />
        <exclude pattern="/var/classes" />
        <exclude pattern="^.*/rep:accessControl" /> -->
        <exclude pattern="/apps/task_servlets1(/.*)?" />
        <include pattern="/apps/task_servlets1/install(/.*)?" />
    </filter>
</workspaceFilter>
